text,label
breaking: nfl team declares bankruptcy kneeling thugs,0
court orders obama pay $400 million restitution,0
update: second roy moore accuser works michelle obama right -,0
oscar pistorius attempts commit suicide,0
trump votes death penalty gay,0
putin says: â€˜pope francis man godâ€™ | must-see !!,0
new york man wanted infecting 240 men women hiv!!!,0
saudi arabia behead 6 school girls male friends parents guardian,0
malia obama fired cushy internship spanish embassy,0
target discontinue sale holy bible,0
youngest world leader bans george sorosâ€™s foundations austria,0
breaking: hillary clinton heart attack-docs says â€˜wonâ€™t surviveâ€™,0
"barack obama tweets sick attack john mccain, says died",0
president trump underscores us-jamaica relations,0
actress sandra bullock hillary clinton don't like president leave come jealous woman ls compare trump hope arrest y,0
gretchen carlson: â€œthe 2nd amendment written guns inventedâ€,0
"pope francis mass: â€˜jesus metaphorical, literalâ€™",0
black men arrested philadelphia starbucks settle $2 million,0
ice detainer issued suspected wine country arsonist sonoma jail,0
presidents walk fine line trumpâ€™s america,0
"inside snapchat bloodbath: 60 minutes terror left 17 dead, bodies classrooms kids 'full blood'",0
breaking: nancy pelosi resign new revelations â€“ nrtonline,0
"donald trump inauguration: artists won't perform ceremony include elton john, celine dion john legend",0
breaking: leaked picture obama dragged judge handcuffs wiretapping trump,0
clinton campaign official arrested fbi child rape/trafficking charges,0
"donald train news: breaking: rosa parksâ€™ granddaughter slams racist democrats, endorses trump",0
"nra president jim porter falsely accused saying, â€œitâ€™s matter time colored people againâ€",0
biden raises possibility 2020 presidential bid,0
"nyc: physician wife jump deathâ€¦leave kids â€œcanâ€™t afford health careâ€ hours mccain, murkowski, collins democrat voted obamacare -",0
snapchat shutting down!,0
rice told investigators unmasked trump aides,0
breaking: meryl streep just got fired major project lying trump -,0
clinton email: destroy syria israel,0
cnn host fareed zakaria calls jihad rape white women,0
trump win nobel peace prize? peace korean peninsula significant foreign policy achievement,0
update: hillary clinton leaves country mueller indictment announced,0
breaking: illegal muslim iran arrested starting california wildfire,0
"nfl lawyer, claimed super bowl â€˜riggedâ€™, dead",0
"japanese whaling crew eaten alive killer whales, 16 dead",0
barrels removed clinton property contain parts 3 missing women.,0
"liberal women hate â€œstriking beauty intellectâ€, says kellyanne conway",0
buzz aldrin â€˜passes ufo lie detector test leaving experts convinced encountered alien lifeâ€™,0
text: jeff flake trump speech transcript,0
mike pence: â€œallowing rape victims abortions lead women trying rapedâ€,0
"paul ryan: â€œ22 million americans choose poor, itâ€™s problem canâ€™t afford healthyâ€",0
pope francis: gun owners 'canâ€™t christian' anymore,0
mayor bhalla,0
neon nettle,0
broward county sheriff fired lying parkland,0
tom price: â€œitâ€™s better budget cancer patients die quicklyâ€,0
breaking: greitens accuser admits photo session â€œdreamâ€,0
obama administration kept illegal mexican kids detention camps â€œexperimentâ€,0
pope francis followers: â€œkoran holy bible sameâ€,0
united airlines flight attendant slaps crying baby flight,0
"cia release documents moon, moon 250 million citizens",0
donald trump lost 'war christmas',0
thousands killed israel drops tactical nuclear bomb syria,0
man charged murder driving anti-far-right protesters charlottesville,0
breaking: fox sports cancels nfl broadcasts â€˜until players respect flagâ€™,0
legislative process,0
head nfl fines steeler teammates $1 million each!,0
debbie wasserman schultz aide arrested trying flee country,0
breaking: sasha obama just crashed expensive new car lake,0
sid miller,0
"kasich: â€œif woman intelligent legs closed, entrust abortion decision her?â€",0
democrat maxine waters shown 10% congressional meetings 35 years,0
gop official says america needs ?another 9/11? shares _______________ trump,0
82-year-old killed muslim self-defense gets death penalty,0
dea just raided united states senator,0
"cnn shocks america, fires â€˜journalistâ€™ fun sarah sandersâ€™ face",0
trumpâ€™s dhs secretary confirms preparing arrest sanctuary city leaders,0
hurricanes headed,0
california democrat maxine waters charged 3 counts. support this?,0
"breaking: british intelligence seizes clinton foundation warehouse, $400 million cash â€“ nrtonline",0
"official: rudy giuliani officially resigns, trumpâ€™s legal team leg",0
michelle obama just received life-shattering news doctor,0
special report: georgia state ban muslim culture historic restore western values!,0
tens thousands scientists declare climate change hoax,0
numbers don't lie... - occupy democrats,0
donald trump issue executive order ban facebook,0
"hacked emails center muellerâ€™s russia investigation, explained",0
just in: barack obama arrested japanese drug bust,0
lisa page squeals: dnc server hacked russia,0
"bin laden â€œalive bahamasâ€, says edward snowden",0
robert redford says: michelle barack obama years prison,0
delta ticket 2017,0
breaking: mar-a-lago destroyed irma-jared kushner missing,0
puerto rico mayor facing fraud charges $3m federal disaster relief,0
dying 78 year old cia agent admits killing marilyn monroe,0
breaking news: fbi uncovers evidence 62 million trump voters russian agents,0
using toothpasteâ€¦ throw away immediately nov 28,0
"queen elizabeth says: â€œmuslim refugees dividing nationality, fully agree donald trump shouldâ€¦â€(video)",0
account suspended,0
mccain blamed sabotaging trump,0
create prank trick friends,0
"bombshell: comey knew murdered dnc staffer, seth rich, wikileaks source & covered hillary",0
american news construction,0
"actress jennifer aniston: â€œme trump supporter celebrities decide make company named â€œcelebrities trumpâ€, fight anti trump celebrities, think president trump ne",0
"police officers, firefighters hit tax penalty",0
whoopi goldberg: navy seal widow â€œlooking attentionâ€,0
starbucks just placed trumpâ€™s photo floor customer step itâ€¦.,0
food stamp enrollment drops million month,0
obama goes g20 summit,0
melania trump hired exorcist â€˜cleanse white house obama demonsâ€™,0
urgent: proposed law charge protesters terrorism,0
"fact-check: no, fall river, massachusetts, â€˜built immigrantsâ€™",0
clint eastwood leaves estate trump 2020 campaign,0
"actor brad pitt: 'trump president, future this...'",0
police 19 white female bodies freezers â€œblack lives matterâ€ carved skin,0
"breaking: trump fires deputy attorney general rod rosenstein, raising questions muellerâ€™s fate",0
jefferson davis statue replaced obama likeness,0
john hagee calls â€œprosecuting women say godâ€™s intercourseâ€,0
kardashians donate whopping sum las vegas mass shooting victims,0
colorado rockies baseball team sell marijuana brownies concession stands,0
"mitt romney: â€˜trump emotional problems, resign weâ€¦â€™",0
breaking: trump removes muslim federal judge trying implement sharia law america,0
breaking: autopsy results vince fosterâ€™s exhumed bodyâ€“cause death changed,0
"gates: â€œi think donald trump history greatest presidents, just like reagan.â€",0
"florida bridge collapse, female company",0
hrc caught tape laughing irma Â‘wiping florida hillbilliesÂ’,0
alabama state police arrest 3 poll workers birmingham,0
hollywood celebs: â€˜total strikeâ€™ trump does resign,0
breaking: roy mooreâ€™s accuser arrested charged falsification,0
white house chef quits trump eaten fast food 6 months,0
112-year-old voters north carolina?,0
denzel washington hit facebook fake news story trump,0
nasa pay 18000 usd stay bed smoke weed 70 straight days,0
breaking: nancy pelosi just taken office handcuffs,0
paul ryan: â€œdonald trump plans resign office 30 daysâ€,0
listen: curious robocall seeks 'damaging' information moore,0
"national guard storms mexico border, makes game-changing impact just 30 days",0
breaking: florida moves recount state massive voter fraud (details),0
breaking: shep smith canned canâ€™t control hate donald trump,0
"3,000-pound great white shark captured great lakes",0
wife las vegas massacre victim: â€˜he saved life lost hisâ€™,0
breaking: malia obama expelled harvard,0
bachmann: â€œwhite people suffered 8 years blacks did couple years slaveryâ€,0
babysitter crystal meth eats 3-month-old baby,0
contact support,0
just in: john kerry facing prison,0
just in: sarah palin coma hit run,0
trump declares globalist soros â€œnational security threatâ€â€¦using obamaâ€™s 2014 executive order,0
delta targeted online free airline ticket scam,0
melania just hit donald trump shocking announcement saw coming,0
"obama canceled it, trump reinstated â€“ sacred day",0
uspostman.com sale (us postman),0
bumble bee foods charged man cooked tuna,0
morgue employee cremated mistake taking nap,0
hillary clinton furious â€˜special giftâ€™ melania trump sent hospital bed,0
stephen bannon: â€œnobody blame beating wife itâ€™s loveâ€,0
"fake photo emma gonzÃ¡lez went viral far right, parkland teens villains",0
information nation,0
majorthoughts.com,0
trump revamping military: weâ€™re bringing draft,0
representatives promise implement gun-control plans,0
gatesâ€™ doctor says billionaire â€˜refused vaccinate childrenâ€™,0
"haiti official getting ready testify clinton foundation corruption week, dead â€œgunshot headâ€",0
facebook picks sides alabama senate race=> shuts gateway pundit breitbart reports discredited allred accuser,0
cannibals arrested florida claim eating human flesh cures diabetes depression,0
laguna beach antifa 22m david hogg didn't attend parkland high school went school redondo shores high school california graduated 2015 yearbook 201,0
lady gaga twitter,0
american news construction,0
kushner wife ivanka trump tossed white house â€” donald cutting will!,0
thinking writing candidate election day? read do.,0
trump gives chaffetz thumbs investigating hillary clintonâ€™s email server,0
obama secretly flees â€“ leaves stunning evidence,0
breaking: monica lewinsky dead roslindale,0
breaking: democrat james comey having affair just revealed! (details),0
"abc news joins obama ban american flag lapel pins, hereâ€™s need know",0
10 things didn't know nancy pelosi,0
"mom applies remedy baby, moments later dies. careful this, moms!",0
clinton foundations sends water houston $7 bottle,0
"flight crew takes knee walks off, leaving new orleans saints stranded runway",0
floyd mayweather jr. donates whopping sum money houston hurricane â€“ missed,0
"new star wars movie filming near rosenberg, texas, large number extras needed â€“ wbn 12 news",0
chuck schumerÂ’s steamy affair high school cheerleader confirmed,0
"tennessee gop twitter taken down, tweet exposing pelosi involved pedophilia",0
"80% black men atlanta homosexuals, study says",0
texas church shooter militant atheist,0
pope calls world wide gun confiscation,0
breaking: barcelona terrorist cousin named barack,0
breaking: president trump just told paul ryan â€˜youâ€™re firedâ€™,0
â€œhiv virusâ€ walmart bananas 10 year old boy agreements infection,0
senate democrats demand supreme court nominee unduly influenced u.s. constitution,0
application â€˜march livesâ€™ permit months parkland school shooting,0
412 michigan muslims arrested fedâ€™s â€˜largest bust u.s. historyâ€™,0
"boom: roy moore takes military vote, pulls ahead 5k votes",0
julia roberts claims â€˜michelle obama isnâ€™t fit clean melaniaâ€™s toiletâ€™,0
new jersey police chief says black people â€˜have valueâ€™ executed,0
state minnesota just handed control muslims â€˜infidelsâ€™,0
breaking: clinton foundation cargo ship raided port baltimore reveals sick secret,0
miley cyrus: 'donald trump f--king nightmare',0
breaking: oâ€™reilly critical condition attacked â€˜tolerantâ€™ liberals,0
"murray say rochester, new hampshire residents â€“ news daily 12",0
keanu reeves shook world powerful message,0
breaking: ken starrâ€™s plane just disappeared way dc testify hillary,0
trump wants deport american indians india,0
breaking: johnny depp taken custody secret service,0
"peter strzok, fbi agent texting scandal, testify congress",0
trump removing marines navy,0
mueller forced resign pelosi affair,0
donald trump praises colonel sanders service civil war manny schewitz o 2 days ago wire speaking intern dave robicheaux paid facebook likes trump insisted col h,0
charleston shooter dylann roof moved death row terre haute federal prison,0
trump vows end winter heating assistance elderly disabled â€“ voice,0
breaking: supreme court issues bench warrant,0
clinton foundation largest unprosecuted charity fraud history-charles ortel,0
redirected...,0
"smoking cars children illegal starting january 30, 2018",0
fbi uncovered russian bribery plot obama administration approved controversial nuclear deal moscow,0
nasa just confirmed earth new moon,0
"pro-russia, pro-weed, pro-assange gop congressman tough beat",0
target recalls water absorbing toys ingestion hazard,0
update: malia obama 10 arrested racist antifa attack,0
uf requests cancel rivalry game fsu,0
las vegas shooting witnesses report multiple gunmen dressed security guards oct 3 2017,0
alternativemediasyndicate.com,0
breaking: comedian kevin hart critical condition gory car crash,0
trump approval rating better obama reagan point presidencies,0
fox news sandra smith: â€œeverybody united airlines passengerâ€™s behavior genuine americanâ€,0
flashnewscorner.com,0
"dncâ€™s donna brazile dedicated book â€˜patriotâ€™ seth rich, death fear life",0
manager killed 10 employees checkers 183st 27ave,0
obama announces bid secretary general â€“ usa news,0
mexicoâ€™s president calls invasion usâ€¦.,0
nasa announced communicated races aliens,0
ohio student suspended staying class national walkout day,0
breaking news: prince william harry donates $100 million hurricane harvey victims,0
morgan freeman: â€˜jailing hillaryâ€™ best way â€˜restore public faith govtâ€™,0
jason aldean gig canceled sells liberals snl,0
trump orders 13 obama deep state operatives arrested treason,0
inside fake news sausage factory: â€˜this incomeâ€™,0
cnn permanently close doors ratings plunge 30 percent,0
report: kim jong killed trumpâ€™s overnight black op attack north korea -,0
"statement fda commissioner scott gottlieb, m.d., fdaâ€™s ongoing efforts help improve effectiveness influenza vaccines",0
eric trump: 'foolish' dad release tax returns,0
breaking! roy mooreâ€™s accuser worked democratic leaders actively campaigning mooreâ€™s opponent â‹† activist mommy,0
civil war erupts sweden irate swedes burn muslim refugee centers ground,0
mental images,0
kurt russel just showed overpaid celebs itâ€™s time shut trump â€“ hits hurts!,0
indictment issued russian bribery case tied obama-era uranium deal,0
trumpâ€™s scientist pick: â€œscientists just dumb regular people think dinosaurs existed earth getting warmerâ€,0
stunning! democrats boo groan trump mention murder victims ms-13 killers (video),0
"breaking: trump just gave working, legal man woman child usa $612 each! -",0
investigators: anthony bourdain killed clinton operatives,0
friendly â€¦ charlottesville car attacker antitrump antifa supporter,0
breaking: 60 people just dead ohio,0
denzel washington: trump avoided war russia orwellian police state,0
"oprah winfrey: butler, racism obama",0
citizens want receive gvt benefits agree microchipped near future,0
usa: mysterious nazi submarine wwii discovered great lakes!,0
breaking obamaled just official immediately pay blacks â€˜reparationsâ€™,0
computer models irma destroying new york city sept. 10,0
"nasa pay $100,000 stay bed 60 days!",0
breaking: president trump pardons kim davis,0
"queen elizabeth ii's line corgis dies, says british press",0
pay salary!.... - judge jeanine pirro fans,0
"whoopi goldberg humiliated, handcuffed dragged tv studio",0
breaking: czech republic arms citizens â€“ â€œyou shoot terrorists sightâ€,0
alabama football crimson tide disqualified national championship,0
"georgia mosque keeps hurricane harvey donations, send syrian refugees instead",0
world's popular candy removed shelves october 2017!,0
"scott baio, beloved face conservatism, dies small plane crash way visit trump",0
breaking: black hockey player fired raising fist national anthem,0
attorney general sessions statement recusal,0
breaking: rosa parksâ€™ daughter praises trumpâ€™s response charlottesville â€“ forfreedomworld,0
trump warns russia jehovahâ€™s witnesses ban urges members seek asylum,0
bombshell!! obama paid fbi informant $1 million trump! election!,0
"singer tina turner: â€œthis thanksgiving time 8 years thankful president, god bless supporters.â€ support tina ? â€“ american president donald j. tru",0
"democrats tyranny: demand nationwide gun confiscation law-abiding americansâ€¦ gunpoint, course",0
"fox network picks â€˜roseanne,â€™ saying problem occasional racism â€“ newly press news network â€“ potus press network",0
ice removal key goal democrats 2020 election,0
obama orders life-sized bronze statute permanently installed white house,0
donald trump dead fatal heart attack! â€” steemit,0
vets trump facebook page,0
red hen owner just issued sick threat sarah sanders biz destroyed booting,0
libtard hero al franken forced resign disgrace,0
fox news' shepard smith: 'why lie lie lie?' russia meeting,0
trump nation,0
wilmington regional film commission,0
man loses testicles attempting smoke weed scuba tank,0
proudleader.com,0
"emma gonzalez bullied school shooter, isnâ€™t sorry; retweets message blaming â€œwhite boysâ€™ entitlementâ€ cause school shootings",0
lady gaga reveals plan cover face â€œuntil trump gets fired office feel free moreâ€,0
â€œgay people wear specially-colored clothes warn straight peopleâ€,0
san juan city council votes unanimously impeach trump-hating mayor,0
update: van illegals caught voting multiple alabama polling locations,0
breaking: irish superstar saoirse ronan dies on-set accident st. lucia,0
information nation,0
called it! gloria allred accuser **admits** tampered roy moore's yearbook 'signature' (video),0
miss universe guayana 2016 arrestada 2kilos en london airportðŸ˜±,0
"nancy pelosi suffers breakdown, taken capitol hill stretcher",0
smoking gun=> san juan teamsters didn't work distribute relief supplies,0
breaking: president trump signs executive order stripping nfl â€˜non-profitâ€™ status,0
"michelle obama: â€˜florida shooting clearly trumpâ€™s fault, shootings happening constantly president.we protect children tyrantâ€do support her?â€™",0
"family visits d.c. shelter, highlights homeless veteransâ€™ plight",0
hillary hiding police discover dead body hidden huma abedinâ€™s dumpster,0
breaking president trump makes english official language united states,0
breaking: santa fe killer confesses love obama,0
pence: â€œmichelle obama vulgar lady weâ€™ve hadâ€,0
â€˜nasa confirmsâ€™ 15 days darkness coming month,0
snoop dogg arrested conspiracy talking â€˜murder trumpâ€™ video,0
"shaquille oâ€™neal says: â€˜trump possibly best president president times ever, afraid toâ€¦â€™",0
breaking: mike huckabee just fired!,0
update: florida governor rick scott listed &;critical&; bizarre hurricane cleanup accident,0
breaking muslimsâ€™ disturbing plan comes grocery stores bare prepare irma,0
virginia republican wants schools check children's genitals using bathroom,0
leonardo dicaprio tells president obama he's going mars,0
prince william attend royal wedding leaving harry best man; princess diana happy,0
man pardoned obama â€˜executedâ€™ masked men halfway house,0
ecfr â€” code federal regulations,0
student hasn't stopped filming florida school shooting,0
breaking: trump caught investing dakota pipeline signing,0
fda announced vaccines causing autism,0
carnival cruise lines offer free cruises,0
breaking: fox star tucker carlson critical condition head collision driving home,0
busted: obama holding secret meetings overtake white house,0
texas law enforcement officer fatally shot arriving work 3 muslim refugee. support deport them?,0
hurricane irene: â€˜photoâ€™ shark swimming street fake,0
bombshell: internet sleuths just smoking gun dems planning violence charlottesville,0
new regulation requires 75 mph governor motorcycles,0
spicer: â€œtrump legal right cancel scotus serve pleasureâ€,0
"breaking: fbi just raided white house, 6 people thrown",0
breaking: conservative icon ted nugent killed hunting accident,0
melania trump undergoes kidney surgery walter reed medical center,0
"no, sandra bullock didn't disparage hillary clinton",0
jimmy carter: â€œmedical marijuana cured cancerâ€,0
"obama, donald trump, invited royal wedding prince harry meghan markle",0
"seattle police begin gun confiscations: laws broken, warrant, charges",0
trey gowdy breaks silence 2 investigators tortured killedâ€¦,0
9 celebrities say they'll canada donald trump president,0
malia obama arrested gang thugs chicago,0
southwest airlines 2017,0
pro-lifers declare â€œejaculation murder: sperm cell lifeâ€,0
"somali immigrant crashes car ohio families home, killing infant home",0
post claiming free tickets allegiant air,0
british politician beaten protestors 'welcoming trump uk',0
archbishop desmond tutu dies holidaying texas,0
breaking: trump just ended welfare huge group 5 years! â€“ let riots erupt!,0
"executive order leads capture isis leader, rasheed muhammad",0
eric schneiderman helped nxivm sell child sex slaves clintons,0
"melania trump: â€˜if isis lay finger barron, iâ€™ll scratch obamaâ€™s eyes outâ€™",0
breaking: fbi issues warrant obamaâ€™s arrest confirming illegal trump tower wiretap,0
chinese lunar rover finds evidence american moon landings,0
whoa! youtube witness makes shocking admission live tv! cnn pulls plug immediately! â€” sharered,0
article retracted: red crescent says evidence chemical attack syriaâ€™s douma,0
â€˜smallvilleâ€™ star confesses sold children rothschilds clintons,0
maxine waters getting criminally charged!,0
"amazing: 1984, new york times said trump best presidentâ€¦they forgotâ€¦..",0
cnn porn scare fake news spreads,0
breaking: crew air force refuses fly obama 6000 miles â€˜just play golfâ€™ â€“ buzzfeedusa,0
breaking: federal judge grants permission subpoena trump,0
just in: wapo reporter broke news judge roy moore story criminal history â€œfakingâ€ * 100percentfedup.com,0
actress emma stone â€˜for time history president thatâ€¦,0
lance armstrong's defiant twitter photo shows relaxing seven yellow jerseys,0
pier 39 terrorist anti-trump antifa supporter,0
clintonâ€™s hitman confesses deathbed (source: hannity),0
white supremacist killed protester democrat visited obama oval office (updated 16.08.2017) â€“ newsfeed â€“ hasslefree allsorts,0
adam sandler saying mormons,0
law passed: child support united states end beginning 2018,0
alabama secretary state,0
"hurricane irma: thing category 6 hurricane,",0
breaking: putin interference courts legal right make hillary president,0
texas church shooter antifa member vowed start civil war,0
dailynative.us,0
australia country begin microchipping citizens,0
clinton body count series : woman set testify clintons blown home explosion,0
obamaâ€™s tax- skipping â€“ audit shows millions offshore accounts,0
washington state legislature votes change george washington owned slaves,0
kim jong dead: north koreans calling trump assassin,0
donald trump signs visa-free travel policy ghana,0
gates outlines 2018 plan depopulate planet,0
"legendary actor kirk douglas dead, 4 days 101st birthday",0
trueamericans.me -&nbspthis website sale! -&nbsptrueamericans resources information.,0
breaking: hillary clinton killed monster truck mishap,0
breaking: 2 million rounds ammo â€˜went missingâ€™ obama turns enemy hands,0
"300,000 pounds counterfeit rat meat sold chicken wings u.s.",0
tulsa school closes brutal fire.,0
breaking: malia obama suspended racist anti-white attack goes viral,0
mccainâ€™s death bed secret just came killed skeleton suddenly resurfaces,0
Ð½Ð¸ Ñ‡ÐµÐ³Ð¾ Ð½Ð¾Ð²Ð¾Ð³Ð¾ ÐºÐ°Ðº Ð¿Ñ€Ð°Ð²Ð¸Ð»ÑŒÐ½Ð¾,0
u.n. official 'accidentally' crushes throat right testifying hillary clinton,0
riot! michelle obamaâ€™s mom receive $160k year taxpayersâ€™ pockets!,0
new law makes illegal shower laundry day,0
breaking: laura ingraham just fired!!,0
just today: trey gowdy new director fbi!,0
breaking: hilary clinton filed divorce new york courts!,0
frequently asked questions,0
"south african firm ordered lay 3,389 white employees",0
pope says rights muslim migrants trump safety concerns country,0
trump fan just charged trying murder maxine waters day trump threatened,0
begins: california appoints illegal alien state office â€“ trump better plan,0
secret service agent says obama muslim & gay new tell-all book,0
"iâ€™ll make sure jailed- donald trump tells ghanaâ€™s prez mahama â‹† ghana home, ghana news, politics, info, news ghana, ghana",0
just in: 45 states just banned sharia law. support this? â€“ christmasgifts,0
president trump just saved christmas 13 million retirees,0
confirmed ! justice ruth bader ginsburg resigning post associate justice supreme court,0
fbi raids obama â€“ massive secret hidden years,0
fox news accidentally puts poll graphic shows trusted network,0
'the daily show's' michelle wolf lands netflix late-night (exclusive),0
"russian source trump dossier killed russian plane crash, rosatom cfo dead. : conspiracy",0
family's private investigator: evidence seth rich contact wikileaks prior death,0
obamaâ€™s private â€˜securityâ€™ company sets massive camps outside 3 major cities,0
usda approves slaughterhouses producing horse meat human consumption,0
delta force raids obama stronghold thailand,0
accessed aug 11,0
bowe bergdahl wanders court-martial â€” duffel blog,0
iranian official drops bombshell: obama secretly gave citizenship 2500 iranians nuke deal,0
"isis lays arms katy perryâ€™s impassioned plea â€˜like, just co-existâ€™",0
breaking: supreme court sides trumpâ€“this changes everything!,0
"breaking: barron trump rushed hospital, hospital releases statement condition",0
international arrest warrant issued george soros,0
george h.w. bush died 94 â€“ new york,0
keanu trump travel ban: 'just terrible',0
wake america,0
account suspended,0
police discover meth lab room alabama walmart,0
florida passes legalizing recreational use marijuana,0
twitter caught leaking donald trump's private messages undercover sting,0
senate report admits clinton â€˜giftedâ€™ children human traffickers,0
rubio: â€œrape victims custody suspicion theyâ€™re planning abortionâ€,0
radical muslims australia offended children sing national anthem,0
rep. paul gosar asks capitol police arrest illegal immigrants attending state union,0
worse hitler! trey gowdyâ€™s son dumpster dc! murders questioned!,0
"donald trump protester speaks out: â€œi paid $3,500 protest trumpâ€™s rallyâ€",0
breaking: 3 liberal celebrities arrested conspiracy assassinate president trump,0
"singer dolly parton: â€œtrump year better 16 yearsâ€™ bush, obama â€˜put togetherâ€™, stupid liberals doing impeach standing trump forever.",0
busted: russian mansions obama seized meant illegal gifts sasha malia,0
affected government shutdown?,0
lindsey graham threatens convert democrat republicans donâ€™t dump trump â€“ true trumpers,0
electoral college elector commits suicide avoid voting donald trump,0
sarah palin calls boycott mall america â€œsanta white bibleâ€,0
account suspended,0
national federation independent business,1
comments fayetteville nc,1
"romney makes pitch, hoping close deal : elections : rocky mountain news",1
democratic leaders say house democrats united gop default act,1
"budget united states government, fy 2008",1
donald trump exaggerates says china 'total control' north korea,1
25th amendment,1
å­ä¾›ãŸã¡ã®ã‚³ãƒˆã€‚ç§ã®ã‚³ãƒˆã€‚,1
"briefing white house press secretary robert gibbs, 9/10/09",1
solar grand plan: scientific american,1
covering young adults affordable care act: importance outreach medicaid expansion,1
"harry reid says gop ""stop crying"" reconciliation",1
political tv ad archive Â» polad,1
bureau labor statistics data,1
summary affordable care act,1
'this week' transcript: holder giuliani,1
impeachment talk cynical game,1
preventing flu: good health habits help stop germs,1
las vegas campaign rally,1
moveon.org political action: 10 things know mccain,1
rand paul campaigns iowa miller-meeks,1
hispanic populations share wealth likely increase 2025,1
hillary clinton says guns exceed categories leading cause death young black men,1
lost decade: working-age household income 10% 2000,1
u.s. senate: supreme court nominations: present-1789,1
politifactâ€™s annotated transcript second presidential debate,1
obamas comments capandtrade costs,1
des moines register,1
tonight jay leno,1
'this week' transcript: pelosi gates,1
losing ground foreclosures subprime market cost homeowners,1
joint dhs odni election security statement,1
u.s. senate: u.s. senate roll votes 110th congress,1
palin-huey,1
"employment, hours, earnings current employment statistics survey (national) home page",1
"no, canâ€™t? wonâ€™t?",1
barack obamaâ€™s remarks st. paul,1
letter chaffetz cummings,1
arena - politico's daily debate policymakers opinion shapers,1
economic burden caused tax code complexity,1
mcdonnell letter urges delay virginia offshore energy exploration development,1
"young people undocumented: country, too.",1
transcript ap interview trump,1
change believe,1
infrastructure report card 2005,1
"gop task force, lone democrat eye trafficking law",1
dr. james dobson,1
mccain: mcsame bush,1
john.he.is,1
remarks counterterrorism stanford university,1
iq media clip player,1
remarks president increasing oversight manipulation oil markets,1
u.s. army's involvement motorsports,1
"refugee agency welcomes arrival 10,000th syrian refugee resettled united states",1
watch replay fox news' 5 p.m. presidential debate,1
itâ€™s time senate job â€“ congressman mike honda â€“ medium,1
"ralph nader barack obama: ""it quite clear corporate candidate z""",1
marco rubio says ted cruz voted defense cuts rand paul's budget proposal,1
births: preliminary data 2005,1
congress: job ratings,1
"leaving governorâ€™s office 2006, mitt romneyâ€™s staff eliminated e-mail records",1
"transcript: democratic debate milwaukee, annotated",1
"crist experience vice president, mccain says",1
strong words ohio obama clinton press,1
lexisnexis(r) publisher,1
â€œdictionaryâ€ president obamaâ€™s health care taxes,1
memory lapse? trump seeks distance 'advisor' past ties mafia,1
gross domestic product percent change preceding period,1
benefits president trumpâ€™s child care proposals,1
organizing action,1
2008 presidential election,1
return viral email,1
'this week' transcript: rep. paul ryan,1
international energy statistics,1
interview sen john mccain,1
obama campaign radio ad,1
remarks president new strategy afghanistan pakistan,1
"trump hotel site, immigrant workers wary",1
"preliminary analysis chairmanâ€™s mark americaâ€™s healthy future act, amended",1
candidate comparison,1
political tv ad archive Â» polad,1
ted cruz' 'meet press' interview,1
"""new energy"" ad",1
session law,1
interview rudy giuliani,1
"'this week' transcript: mckay, napolitano, salazar allen",1
missing teen-ager new jersey,1
text: jeff flake trump speech transcript,1
'this week' transcript: biden,1
rising new generation global challenges,1
browse congressional bills,1
taxable estates estate tax liability average estate tax rate size gross estate,1
biden issues statement following conversation musharraf,1
remarks president american jobs act,1
remarks philadelphia,1
krugman calls senate health care similar law massachusetts,1
government accountability office report congressional committees,1
philando castile stopped 52 times police,1
regular session senate transcript,1
dragging rear arkansas bows pressures schools test,1
05/27/99 committee judiciary,1
bright horizons child care & family solutions,1
midoct paycheck troops government shuts lawmaker says,1
interview transcript: president barack obama,1
national income product accounts table 175 relation gross domestic product,1
america's enduring strength,1
debt day: symbol washingtonâ€™s arrogant culture borrowing spending (boehner op-ed townhall.com),1
'this week' transcript: vice president dick cheney,1
transcript: blue-ribbon panel health care,1
republican response president barack obamas weekly radio address,1
colbert report,1
u.s. senate: u.s. senate roll votes 105th congress,1
striking richer evolution incomes united states update 2007 estimates,1
"outlook, office, skype, bing, breaking news, latest videos",1
china's space threat: missiles target u.s. satellites,1
job openings labor turnover survey news release,1
"'this week' transcript: goolsbee, brown & corker",1
analysis 2008 presidential candidatesâ€™ tax plans,1
"u.s. considers 3,000 troops afghanistan",1
"3rd democratic debate transcript, annotated: said meant",1
"joni ernst ""promises"" ad",1
testimony alternative minimum tax,1
obama criticizes mccain lobbyists,1
secret video: romney tells millionaire donors really thinks obama voters,1
peace strength american pride vs. â€œenemy-centricâ€ policy,1
'this week' transcript: sen. dianne feinstein rep. mike rogers,1
thereâ€™s choice â€“ gov. gary johnson â€“ medium,1
florida democrats ask hhs protect floridians high insurance premiums marketplace,1
giuliani new hampshire,1
sale etch sketch brand,1
"transcript second mccain, obama debate",1
"romney president launches new television ad, ""remember""",1
mike gravel 2008,1
letter filed behalf sen barack obama obama exploratory committee,1
school kids taught praise obama,1
reps cummings cole interviewed msnbc,1
local news headlines hawaii,1
michael bennet senate,1
u.s. senator rand paul kentucky,1
h.r.6060 - 109th congress (2005-2006): department state authorities act 2006,1
spreadsheet key indicators oecd health data 2009 health care expenditures capita,1
transcripts,1
"care coverage: little, late",1
rep mike pence web site,1
border security economic opportunity immigration modernization act passed senate,1
white blue fund ad,1
pledge allegiance e-mail,1
mccain spoke early,1
"ad says obama apologized, showed weakness iran",1
hillary clinton remarks national urban league conference,1
friend israel woos palestinians visiting obama focuses israels right defend,1
transcripts,1
"saudi arabia energy data, statistics analysis",1
u.s. solar market insight report,1
frontpage magazine,1
obama: gitmo inspires jihadists,1
raw data: dick cheney's remarks center security policy,1
critical mention,1
monthly treasury statement receipts outlays united states government,1
remarks senator barack obama agenda middleclass success,1
end sight supermax?,1
"outlook, office, skype, bing, breaking news, latest videos",1
tim kaine's speech spanish arizona rally: read,1
trump's tough talk hedge-fund taxes doesn't match plan,1
crime chicago: explore community,1
john mccain president,1
des moines register,1
new york election results november 7,1
sanders supports gun safety,1
"""on on""",1
sasse statement trade war,1
monthly budget review,1
'this week' transcript: hillary clinton,1
centers disease control prevention,1
"employment, hours, earnings current employment statistics survey (national) home page",1
"nra president david keene rejects white house gun control approach | pbs newshour | jan. 15, 2013",1
letâ€™s civil,1
average cable tv cited article industry study,1
u.s. department education budget history,1
lexisnexis(r) publisher,1
transcript: bob barr 'fox news sunday',1
"trump-clinton presidential debate transcript, annotated",1
border security role border patrol,1
pelosi urges minimum-wage hike,1
clinton's lead trump shrinks 3 points: new nbc news/wsj poll,1
findarticles.com,1
nobel peace prizes,1
u.s. senator john mccain,1
h.r.1025 - 103rd congress (1993-1994): brady handgun violence prevention act,1
hillary clinton transcript: read text clinton campaign launch,1
john hagee discusses catholic church,1
â€œput palinâ€™s wolfkilling record televisionâ€,1
transcripts,1
"hill: op-ed: natural, nuclear",1
amendment declare english national language government united states,1
declining business dynamism united states look states metros,1
nexisÂ®: sign,1
rep. vern buchanan twitter,1
transcripts,1
ivanka trump: father feels 'vindicated' comey hearing,1
"mccain touts 'gang 14,' immigration reform",1
planned parenthoodÂ® action center,1
cpd: 2008 debate transcript,1
czars romanovs,1
"impact senator obama's tax proposals described economic advisors workers, distribution federal tax change cash income percentile, 2009",1
"says universal, it's guarantee",1
obama addresses key concerns floridians,1
chairmans mark americas healthy future act 2009,1
op-ed president obama: president obama reflects impact title ix,1
'this week' transcript: adm. mike mullen,1
obama demands investigation subprime loan discrimination,1
lexisnexis(r) publisher,1
"outlook, office, skype, bing, breaking news, latest videos",1
hillary clinton transcript: building â€˜growth fairness economyâ€™,1
topic a: president obama regain political footing?,1
autos: dinosaur hunter,1
3/8/14 sen. rob portman (r-oh) delivers weekly gop address american jobs,1
"outlook, office, skype, bing, breaking news, latest videos",1
forget kiev. real fight crimea,1
2008 presidential election,1
public financial disclosure report,1
mccain campaigns nashville,1
h1n1 vaccinations offered guantanamo bay detainees,1
inquiry sought hillary clintonâ€™s use email,1
"cnn's don lemon: o'reilly's criticism black community ""doesn't far enough""",1
fy 2010 president's budget,1
"""give break"" americans food taxes tv ad 2011",1
barack obama twitter,1
text - h.r.2122 - 106th congress (1999-2000): mandatory gun background check act,1
noted quoted,1
associated press: obama hits clinton nafta support,1
"democratic debate: bernie sanders really isn't ""socialist"" president eisenhower",1
"'this week' transcript: madeleine albright, sen. lindsey graham, sen. kent conrad david cote",1
"oct. 11: levin, graham, mccaffrey, myers, roundtable",1
foreign economic military aid major recipient country new york times,1
2011 text president barack obamaâ€™s proposed jobs email interview lynne bernabei,1
republican consultant says barack obama promised halve federal deficit term,1
2011 urban institutebrookings institution tax policy center,1
"dnc tv ad: ""trapped""",1
fox news sunday,1
remarks president twitter town hall,1
press release aig discloses counterparties cds gia securities lending transactions,1
2011 cq subscribers tax foundation,1
barack obamaâ€™s remarks st. paul,1
fact hub,1
"key facts: race, ethnicity medical care",1
"senator bidenâ€™s remarks springfield, ill.",1
rockefeller: opportunity canÂ’t pass,1
"'islamic terrorism' is: threat west, jeb bush says",1
obama administration opens door states seek major changes welfaretowork law,1
remarks president cnbc town hall discussion jobs,1
q&a: did slaves build white house?,1
"health reform carries heavy price, insurers claim",1
obamaâ€™s remarks white house health care forum,1
"remarks president campaign event -- colorado springs,",1
"outlook, office, skype, bing, breaking news, latest videos",1
"democrats lose, blame guys",1
"mccain, john sidney, iii",1
remarks president lady campaign event,1
"demsâ€™ â€œstimulusâ€ anniversary nears, americans ask: â€œwhere jobs?â€",1
rep poe interviewed fox business network,1
senate democrats news conference senate climate action task force,1
'this week' transcript: kaine steele,1
race city hall: republican candidate; mercurial mayor's confident journey,1
encounters 'regular guy' fred thompson -- new york magazine,1
trade goods,1
remarks president responsible homeownership,1
"washington post: breaking news, world, us, dc news & analysis",1
interview bloomberg television,1
obamacare vs. catholic bishops,1
fdic: fil-14-2005: revised examination guidance,1
justices 1789 present,1
preliminary analysis presidentâ€™s budget update cboâ€™s budget economic outlook,1
"s.1591 - 104th congress (1995-1996): prohibit campaign expenditures services lobbyists, purposes.",1
teamsters tout anwr capitol hill,1
senate passes obama-hagel provision aimed preventing nuclear terrorism,1
transcript: house majority leader boehner 'fns',1
john mccain president,1
"background briefing gm restructuring, 31, 2009",1
georgia crisis triggers war words white house trail,1
social security trustees report 2007,1
u.s. senator debbie stabenow michigan,1
hillary clinton sits oreilly,1
committee energy commerce,1
writers pact. huckabee crosses picket lineâ€”again,1
"latest world news, videos & photos -abc news - abc news",1
economy protect homeownership crack mortgage fraud,1
congressman pence discusses house republican energy msnbc's morning joe,1
"switchboard, nrdc :: barbara finamore's blog :: chinaâ€™s carbon intensity target",1
transcript: vice presidential debate,1
comments cnn republican presidential debate las vegas,1
"palin: pioneer, maverick -- game-changer",1
public option isn't answer health-care reform,1
â€“ congressman joe pitts â€“ medium,1
congressman allen west : final weekly wrapup,1
united states senator jim demint,1
rebooting: doctor obamacare,1
card penalty fees soften slightly 2010,1
assistant professor economics gatton college business economics university kentucky,1
"president trump campaigns rick saccone pennsylvania, mar 10 2018",1
daily fuel gauge report aug 1,1
public citizen,1
watch ted cruz presser new deal kasich (update: added),1
protecting children dangers smoking,1
1 cnn democratic presidential debate,1
"9/11 families, rally favor nyc mosque",1
resource available,1
"mccain, obama head head debate",1
action,1
transcripts,1
'this week' transcript: gen. jim jones (ret.),1
renewing americas promise,1
"earmark reform? 2009 spending contains 9,000",1
dean ralph reed fundraiser reveals mccain double talk ethics,1
"leonard lance claims federal tax code contains 4 million words, 7 times long bible",1
public campaign action fund,1
tsa: frequently asked questions,1
rep jan schakowsky msnbc,1
donald j. trump stakes election,1
moveon.org political action: 10 things know mccain,1
united states department defense,1
moveon.org political action: general petraeus general betray us?,1
moveon.org political action: 10 things know mccain,1
cnn democratic presidential debate texas,1
"new york officials welcome immigrants, legal illegal",1
senate gun lobbyâ€™s grip,1
public information officer palm beach county property appraisers office,1
estonia efficient tax filing world,1
remarks president resurgence american auto industry,1
"pwned: house gop dominates twitter, youtube, social media congress",1
å½“ãƒ–ãƒ­ã‚°ã§ã¯ç¦å²¡çœŒå†…ã«ã‚ã‚‹ä¸å‹•ç”£ä¼šç¤¾ã«ã¤ã„ã¦ã•ã¾ã–ã¾ãªæƒ…å ±ã‚’ã¾ã¨ã‚ã¦ã„ã¾ã™ã€‚ç¦å²¡å¸‚ã®åˆ†è­²ãƒžãƒ³ã‚·ãƒ§ãƒ³ã‚„ãƒžãƒ³ã‚·ãƒ§ãƒ³çµŒå–¶ã§é ¼ã‚Šã«ãªã‚‹ä¼æ¥­ã‚’ã”ç´¹ä»‹ï¼,1
text h.r. 3338 (107th): department defense emergency supplemental appropriations recovery response ... (passed congress version),1
mourning america,1
"outlook, office, skype, bing, breaking news, latest videos",1
democratic debate cleveland,1
group ratings,1
presidential debate,1
town hall meeting derry nh,1
"outlook, office, skype, bing, breaking news, latest videos",1
john mccain,1
mccain-palin 2008,1
political tv ad archive Â» polad,1
public views health care overhaul week's news,1
"heroin u.s. comes mexican border, rob portman says",1
democratic national convention committee,1
"rick santorum: amending constitution, balance budget good",1
social security online history pages,1
notice: data available: u.s. bureau labor statistics,1
clinton campaignâ€™s claim trump â€˜force schools allow guns classroomsâ€™,1
obama: mitt romney refused say supports lilly ledbetter act,1
foreign policy speech,1
justice department memos interrogation techniques,1
politifactâ€™s annotated transcript second presidential debate,1
debbie wasserman schultz twitter,1
remarks president trump listening session healthcare,1
romney campaign ad,1
carly doing tonight â€“ carly fiorina â€“ medium,1
children - obama america tv ad,1
2007 kaiser/hret employer health benefits survey,1
"outlook, office, skype, bing, breaking news, latest videos",1
"heroin u.s. comes mexican border, rob portman says",1
rule rentiers,1
2011 urban institute blue cross blue shield massachusetts foundation,1
donald trump featured new jihadist recruitment video,1
"outlook, office, skype, bing, breaking news, latest videos",1
interview fox news,1
potency pot changed president obama high school?,1
change believe,1
peanut product recall took company approval,1
action 25th legislature,1
democratic national convention committee,1
iraq pullout create chaos,1
obama's words,1
"education secretary, stimulus means dollars risk",1
video: special preview jersey shore miami!,1
obama promises abortion public plan,1
popular baby names,1
presidential candidate 2008 websites,1
speech cincinnati,1
louise slaughter twitter,1
laws affecting reproductive health rights: 2013 state policy review,1
fox news sunday,1
international energy statistics,1
donald trump sets conditions defending nato allies attack,1
state working america 20067 pdf,1
"clinton says 'never said bad word senator obama,' mtvu's 'editorial board'",1
trump prejean: obama,1
"donald trump, billy bush: interview scrambles race",1
transcript: interview donald trump,1
rep. michael mccaul (r-tx) appears face nation,1
energy commerce committee,1
meet barack obama,1
redirect notice,1
"carolyn b. maloney twitter: ""women's health & wellbeing donâ€™t count math gop's merciless healthcare bill. defund !â€¦",1
fiscal year 2011 email interview todd harrison center strategic budgetary assessments,1
"shields gerson cabinet noms, gun laws, boehner's leadership | pbs newshour | dec. 21, 2012",1
u.s. senate: u.s. senate roll votes 103rd congress,1
cq vote studies,1
cpac 2013 - governor sarah palin (r-ak),1
"""one percent"" club growth action",1
browse congressional bills,1
executive order protecting nation foreign terrorist entry united states,1
debbie wasserman schultz twitter,1
"senator charles schumer ny november midterm elections, nov 25 2014",1
chip enrollment: june 2011 data snapshot,1
"remarks president economy -- knox college, galesburg, il",1
memorial day,1
'this week' transcript: target libya,1
administration seeking $700 billion wall street,1
family policy alliance,1
hillaryclinton.com,1
"labor day, need protests",1
breaking barriers african americans â€“ hillary america â€“ medium,1
waronpoverty50,1
supreme court vacancy video,1
u.s. house committee foreign affairs,1
"outlook, office, skype, bing, breaking news, latest videos",1
remarks president oil gas subsidies,1
iraq â€” 76 sens say patrick fitzgerald,1
house gop introduces terrorists america act,1
isis' gains lead u.s. troops iraq?,1
resource available,1
individual income tax returns publication 1304 (complete report),1
transcripts,1
state union 2013,1
statement president,1
ron paul praises embattled rnc chief michael steele leadership afghanistan,1
"outlook, office, skype, bing, breaking news, latest videos",1
palin tries new tactic unload hated jet: gov. sarah palin background,1
barasso ready question kagan,1
transcript briefing press secretary robert gibbs,1
israel welcome rouhani's election victory,1
uniform crime reports,1
political tv ad archive Â» polad,1
keeping word: lowering cost medicare prescriptions,1
rand paul: donald trump betray voters hiring john bolton?,1
abc news: abc news,1
political figures: c (2),1
rep. ross: need government running,1
president barack obama portsmouth town hall,1
â€œput palinâ€™s wolfkilling record televisionâ€,1
2007 federal tax rate schedules,1
web ad tale mitts,1
mccain colorado,1
"vladimir putin's approval rating hits all-time high, boosted syria airstrikes",1
"penniless california issues ious firms, clinics, taxpayers students",1
"americans save money, government spends reckless abandon",1
rand paul: demilitarize police,1
remarks president associated press luncheon,1
ecfr â€” code federal regulations,1
cq transcriptswire > login,1
morgan griffith says epa treats milk spills way oil spills,1
cq vote studies,1
gdp economy final estimates quarter 2007,1
transcript wednesday's presidential debate,1
obama exclusive concedes senate voteainst raising debt limit political,1
page you're looking moved renamed,1
â€˜americans need stand togetherâ€™: hillary clintonâ€™s remarks following orlando shooting,1
sen. barack obama's answer meeting energy demands,1
statement president,1
"'this week' transcript: hoyer, boehner gates",1
arizona department public safety,1
sen. gregg: president obama's budget proposal 'disaster',1
school choice faq,1
"data campaign finance, super pacs, industries, lobbying",1
"department homeland security appropriations act, 2007 (2006; 109th congress h.r. 5441)",1
poor nearpoor 1959 2006,1
cain said food stamp program use obama,1
testimony cboâ€™s assessment air forceâ€™s plan acquire 100 boeing tanker aircraft,1
fox news sunday,1
"outlook, office, skype, bing, breaking news, latest videos",1
illinois general assembly,1
health insurance coverage united states 2015,1
picks (most requested statistics) : u.s. bureau labor statistics,1
republican road recovery,1
democratic national convention,1
60 minutes transcript,1
bureau labor statistics data,1
texas unmiracle,1
indictment v vince mcmahon titan sports new haven register,1
barack obama challenges john mccain duel taxes,1
comprehensive investigation voter impersonation finds 31 credible incidents billion ballots cast,1
lexisnexis(r) publisher,1
des moines register,1
gingrich tragedy,1
obama criticizes mccain lobbyists,1
cravaack passes amendment improve aviation security opposition obamas planned disarming federal flight deck officers,1
barack obama says u.s. oil production year highest 2003,1
tg-162: treasury announces $68 billion expected cpp repayments,1
"current-law distribution federal taxes cash income percentiles, 2007",1
i: cnn/youtube democratic presidential debate transcript,1
"table known nuclear tests worldwide, 1945-1996",1
remarks president gop house issues conference,1
"hillary rodham clinton, senator new york: floor speech senator hillary rodham clinton s.j. res. 45, resolution authorize use united states armed forces iraq",1
tpmtv extra: south carolina ronald reagan debate,1
director research foreign policy program brookings institution,1
massachusetts department elementary secondary education,1
expanding opportunity â€” â€“ paul ryan â€“ medium,1
country origin labeling (cool),1
"outlook, office, skype, bing, breaking news, latest videos",1
mike huckabee: fried squirrel popcorn popper,1
transcript wednesday's presidential debate,1
"mcconnell, webb, jindal express uncertainty iran nuclear deal",1
"remarks president comprehensive immigration reform el paso, texas",1
kerry-mccain: welcome massachusetts!,1
"obama urges bernanke, paulson fight foreclosures, hold homeownership summit",1
schneiderman suing trump daca cites 'discriminatory animus',1
americas 5 best governors,1
situation syria regional refugee response,1
transcript republican presidential debate ronald reagan library simi valley,1
"sec. john kelly manchester investigation, keeping america safe",1
john mccain president,1
alert members abortion coverage house health care,1
terror suspects buying guns - fbi can't stop,1
organizing action,1
"hannity says obama won't use term ""war terrorism""",1
professor american studies lynn university,1
transcript accessed nexis mitt romney sends taped message 2011 nra convention,1
open letter 'all barack channel',1
"obama america tv ad: ""firms""",1
roll stupak amendment,1
pastors protest irs rules political advocacy,1
"mitch mcconnell, alison lundergan grimes 'sharp differences' campaign finance rules",1
mark halperin,1
"ryan's plan includes $700 billion medicare ""cuts,"" says stephanie cutter",1
u.s. senate: u.s. senate roll votes 110th congress,1
table b46 employees nonagricultural payrolls major industry 19552006,1
jim demint twitter,1
"fed up! fight save america washington, rick perry",1
obamaâ€™s health care speech congress,1
press release rep barton democrats stimulus waste money abuse people lead unintended consequences,1
summing summertime: 4,1
laura ingraham wrongly says claim 90% support gun background checks debunked,1
"clinton says 'never said bad word senator obama,' mtvu's 'editorial board'",1
federal election commission filing,1
transcript debate chris coons christine odonnell,1
transcripts,1
barack obama says mitt romney condemned coal-fired power plants killers,1
transcript presidential debate,1
poverty 2005 highlights,1
food standards labeling policy book,1
'this week' transcript: geithner,1
transcripts,1
"nancy pelosi, wicked witch west",1
degrading treatment punishment text international covenant civil political rights text geneva convention relative treatment prisoners war text geneva convention relative protection civilian persons time war text universal declaration human rights jay bybee assistant attorney general,1
warren buffett says super-rich pay lower tax rates,1
u.s. senate: u.s. senate roll votes 108th congress,1
jeb bush 2016 resume right rise usa pac,1
"weekly republican address, boehner calls â€œnew way forwardâ€ focused creating jobs, cutting spending, & reforming congress",1
u.s. senate: u.s. senate roll votes 111th congress,1
harry reid,1
video interview howard dean,1
democratic debate cleveland,1
obama knows way ballot -- chicagotribune.com,1
speech floor house representatives,1
"need know drone debate, faq",1
watch live: tim kaine corey stewart meet u.s. senate debate virginia,1
web ad tale mitts,1
romney cpac speech: it's jobs,1
patient protection affordable care act,1
afp: mccain renews attacks obama links radical,1
patient protection affordable care act,1
sarah palin twitter,1
"regrets love explosives; memoir sorts, war protester talks life weathermen",1
"clinton rush limbaugh, mistakes, supreme court middle east peace",1
rick santorum sworn pennsylvaniaâ€™s newest senator,1
"letter honorable john boehner providing estimate h.r. 6079, repeal obamacare act",1
financial rescue nears gdp pledges 128 trillion mark pittman bob ivry,1
transcript: npr's interview sen. marco rubio,1
gore looking turn idle fans activists 3year ad campaign feature enemies united climate,1
early catastrophe,1
npc luncheon eric holder,1
"""face nation"" transcripts, august 26, 2012: rubio, priebus, barbour, blackburn",1
2011-2012 wisconsin legislature documents,1
"david plouffe, sen. joe lieberman gen. michael hayden talk national security leaks",1
u.s. imports & exports,1
transcripts,1
"reversal, mccain says lift ban offshore drilling",1
"employment, hours, earnings current employment statistics survey (national) home page",1
'this week' transcript: odierno chiarelli,1
obamaâ€™s prime-time press briefing,1
"author offers insights slavery, capitol, obama's inauguration",1
american international group form 10k,1
remarks president afl cio labor day picnic,1
rep. jenkins: opioid crisis funding based need,1
remarks lady health insurance reform means women families,1
surpluses deficits percentages gdp 1930â€“2015,1
planned parenthoodÂ® action center,1
transcripts,1
cbos estimate effects direct spending revenues house amendments senate amendments hr 976 childrens health insurance program reauthorization act 2007,1
remarks senator obama: war need win,1
library congress,1
'this week' transcript: geithner,1
"obama america tv ad: ""firms""",1
colbert report,1
stop coddling super-rich,1
did bernie sanders vote background checks waiting periods gun purchases?,1
families facing tax increases trump's tax plan,1
report geithners tax issues,1
senate begins health care debate amid calls tort reforms,1
updated: facts hillary clintonâ€™s emails,1
rand paul: republicans 'aren't maybe brave enough' tackle deficit,1
sen. sanders warns â€˜frightening trendâ€™ oligarchy,1
latest political news headlines d.c.,1
democratic debate cleveland,1
rick perry says switched gop younger age reagan did,1
"hillary rodham clinton, senator new york: schumer, clinton announce key senate panel approves $1.3 million labor, health human services projects hudson valley",1
senator bernie sanders democratic socialism united states,1
"cnn miami republican debate transcript, annotated",1
barack obama says u.s. oil production year highest 2003,1
survey results hays research group,1
budget economic outlook: fiscal years 2009 2019,1
testimony submitted congressional oversight panelâ€™s hearing tarps impact financial stability,1
"remarks president economy -- knox college, galesburg, il",1
daily trevor noah,1
historical aggregate income fifths 5 percent,1
"impeachment hint stirs house clash; democratic orators spring roosevelt defense, charging 'malice.'",1
obameter: introduce comprehensive immigration year,1
"trump asking congress, mexico, pay border wall",1
flake: â€œreligious tests place senateâ€,1
change believe,1
deputy director national health statistics office actuary center medicare medicaid services,1
romneys prolife conversion myth reality june 14,1
group ratings,1
